<?xml version="1.0" standalone="yes"?>
<Settings_Table>
  <settings>
    <mode>encrypt</mode>
    <source>C:\ISIS Out\</source>
    <destination>C:\ISIS Out\Complete\</destination>
    <backup>C:\ISIS Out\Backup\</backup>
    <symmprovider>TestKey</symmprovider>
    <encryption>true</encryption>
    <compression>true</compression>
    <move>true</move>
  </settings>
  <settings>
    <mode>decrypt</mode>
    <source>C:\ISIS In\</source>
    <destination>C:\ISIS In\Complete\</destination>
    <backup>C:\ISIS In\Backup\</backup>
    <symmprovider>TestKey</symmprovider>
    <encryption>true</encryption>
    <compression>true</compression>
    <move>true</move>
  </settings>
</Settings_Table>